RECORDING_SESSION_LABEL,word_order,use_rating,exposure_rating,offensiveness_rating,taboo_rating,valence_rating,arousal_rating,imagery_rating,critical_word,taboo_status,item_num,list,part_item
1,1,6,8,1,8,3,7,2,horny,taboo,1,1,1_1
1,2,9,8,1,1,5,1,1,show,neut,6,1,1_6
1,3,8,8,3,8,1,5,8,shit,taboo,7,1,1_7
1,4,5,5,1,1,5,1,9,wolf,neut,12,1,1_12
1,5,5,6,1,9,3,5,6,masturbation,taboo,13,1,1_13
1,6,8,9,1,1,5,1,9,knees,neut,18,1,1_18
1,7,4,5,1,9,3,5,8,pubic hair,taboo,19,1,1_19
1,8,7,6,1,1,5,1,9,flour,neut,24,1,1_24
1,9,2,5,1,9,3,7,6,dildo,taboo,25,1,1_25
1,10,8,8,1,1,5,1,9,motorcycle,neut,30,1,1_30
1,11,2,3,1,8,4,7,6,testicles,taboo,31,1,1_31
1,12,9,9,1,1,5,1,9,girls,neut,36,1,1_36
1,13,1,7,1,7,2,5,6,handjob,taboo,37,1,1_37
1,14,7,9,1,1,5,1,9,shoulders,neut,42,1,1_42
1,15,2,4,1,8,4,7,6,cock,taboo,43,1,1_43
1,16,8,8,1,1,5,1,9,airplane,neut,48,1,1_48
1,17,7,8,1,1,5,1,9,clap,neut,4,1,1_4
1,18,2,5,1,6,4,5,6,penises,taboo,5,1,1_5
1,19,9,9,1,1,5,1,9,legs,neut,10,1,1_10
1,20,5,4,1,7,3,6,7,piss,taboo,11,1,1_11
1,21,7,9,1,1,6,1,8,art,neut,16,1,1_16
1,22,1,2,1,8,3,5,5,anus,taboo,17,1,1_17
1,23,9,9,1,1,2,1,2,obligations,neut,22,1,1_22
1,24,4,6,1,7,4,8,6,erection,taboo,23,1,1_23
1,25,8,8,1,1,5,1,9,mascara,neut,28,1,1_28
1,26,6,9,1,7,4,1,8,menstruation,taboo,29,1,1_29
1,27,4,8,1,1,5,1,7,speeches,neut,34,1,1_34
1,28,2,4,1,9,2,6,4,erotic,taboo,35,1,1_35
1,29,9,9,1,1,5,1,9,water,neut,40,1,1_40
1,30,2,8,3,4,1,7,2,slut,taboo,41,1,1_41
1,31,1,2,1,1,5,1,1,plasma,neut,46,1,1_46
1,32,1,3,3,6,2,5,7,hooker,taboo,47,1,1_47
7,1,1,1,1,9,4,1,1,horny,taboo,1,1,7_1
7,2,9,9,1,1,5,3,8,show,neut,6,1,7_6
7,3,5,9,2,8,2,1,5,shit,taboo,7,1,7_7
7,4,3,4,1,1,5,1,9,wolf,neut,12,1,7_12
7,5,1,4,1,9,4,1,7,masturbation,taboo,13,1,7_13
7,6,5,5,1,1,5,1,9,knees,neut,18,1,7_18
7,7,1,1,1,6,5,1,9,pubic hair,taboo,19,1,7_19
7,8,5,2,1,1,5,1,9,flour,neut,24,1,7_24
7,9,1,1,1,9,2,1,8,dildo,taboo,25,1,7_25
7,10,1,7,1,1,5,1,9,motorcycle,neut,30,1,7_30
7,11,1,1,1,9,5,1,9,testicles,taboo,31,1,7_31
7,12,8,5,1,1,6,1,9,girls,neut,36,1,7_36
7,13,1,1,1,9,3,1,7,handjob,taboo,37,1,7_37
7,14,5,5,1,1,5,1,9,shoulders,neut,42,1,7_42
7,15,1,1,1,9,1,1,8,cock,taboo,43,1,7_43
7,16,6,8,1,1,5,1,9,airplane,neut,48,1,7_48
7,17,9,2,1,1,5,1,9,clap,neut,4,1,7_4
7,18,1,1,1,9,4,1,7,penises,taboo,5,1,7_5
7,19,3,9,1,1,5,1,9,legs,neut,10,1,7_10
7,20,1,4,1,8,3,1,8,piss,taboo,11,1,7_11
7,21,8,9,1,1,9,3,9,art,neut,16,1,7_16
7,22,1,1,1,9,2,1,7,anus,taboo,17,1,7_17
7,23,9,9,1,1,5,1,1,obligations,neut,22,1,7_22
7,24,1,2,1,9,5,1,8,erection,taboo,23,1,7_23
7,25,9,7,1,1,5,1,9,mascara,neut,28,1,7_28
7,26,7,6,1,5,5,1,8,menstruation,taboo,29,1,7_29
7,27,7,9,1,1,8,1,1,speeches,neut,34,1,7_34
7,28,1,1,1,9,2,1,2,erotic,taboo,35,1,7_35
7,29,9,9,1,1,5,1,9,water,neut,40,1,7_40
7,30,2,2,7,8,1,1,1,slut,taboo,41,1,7_41
7,31,3,3,1,1,5,1,7,plasma,neut,46,1,7_46
7,32,1,2,7,9,3,1,8,hooker,taboo,47,1,7_47
13,1,9,9,1,9,4,9,9,horny,taboo,1,1,13_1
13,2,4,9,1,1,5,5,5,show,neut,6,1,13_6
13,3,9,9,1,9,4,9,9,shit,taboo,7,1,13_7
13,4,3,9,1,1,5,5,9,wolf,neut,12,1,13_12
13,5,8,9,1,9,1,9,9,masturbation,taboo,13,1,13_13
13,6,9,9,1,5,5,5,9,knees,neut,18,1,13_18
13,7,2,9,1,9,4,5,9,pubic hair,taboo,19,1,13_19
13,8,5,9,1,1,5,5,9,flour,neut,24,1,13_24
13,9,9,9,1,9,3,9,9,dildo,taboo,25,1,13_25
13,10,3,9,1,5,5,5,9,motorcycle,neut,30,1,13_30
13,11,5,9,1,9,5,6,9,testicles,taboo,31,1,13_31
13,12,5,9,1,1,5,5,9,girls,neut,36,1,13_36
13,13,8,9,1,9,5,9,9,handjob,taboo,37,1,13_37
13,14,5,9,1,1,5,5,9,shoulders,neut,42,1,13_42
13,15,5,9,1,9,3,9,9,cock,taboo,43,1,13_43
13,16,3,9,1,1,5,5,9,airplane,neut,48,1,13_48
13,17,5,9,1,1,5,5,9,clap,neut,4,1,13_4
13,18,9,9,1,9,5,9,9,penises,taboo,5,1,13_5
13,19,9,9,1,5,5,5,9,legs,neut,10,1,13_10
13,20,1,9,3,9,1,7,5,piss,taboo,11,1,13_11
13,21,7,9,1,1,5,5,9,art,neut,16,1,13_16
13,22,4,9,1,9,4,9,9,anus,taboo,17,1,13_17
13,23,4,6,1,1,5,5,1,obligations,neut,22,1,13_22
13,24,5,9,1,9,3,9,9,erection,taboo,23,1,13_23
13,25,9,9,1,1,5,5,9,mascara,neut,28,1,13_28
13,26,5,9,1,9,5,9,9,menstruation,taboo,29,1,13_29
13,27,5,9,1,1,5,5,5,speeches,neut,34,1,13_34
13,28,2,9,1,9,3,9,9,erotic,taboo,35,1,13_35
13,29,9,9,1,1,5,5,9,water,neut,40,1,13_40
13,30,9,9,7,9,1,9,9,slut,taboo,41,1,13_41
13,31,2,9,1,5,5,5,1,plasma,neut,46,1,13_46
13,32,2,9,5,9,4,9,9,hooker,taboo,47,1,13_47
19,1,1,1,4,9,1,1,1,horny,taboo,1,1,19_1
19,2,4,6,1,1,7,4,9,show,neut,6,1,19_6
19,3,3,9,4,5,3,1,9,shit,taboo,7,1,19_7
19,4,2,5,1,1,8,6,9,wolf,neut,12,1,19_12
19,5,1,1,3,4,2,1,6,masturbation,taboo,13,1,19_13
19,6,4,7,1,1,5,1,7,knees,neut,18,1,19_18
19,7,3,3,2,7,3,1,7,pubic hair,taboo,19,1,19_19
19,8,1,4,1,1,5,1,9,flour,neut,24,1,19_24
19,9,1,1,2,7,2,1,6,dildo,taboo,25,1,19_25
19,10,3,6,1,1,5,7,9,motorcycle,neut,30,1,19_30
19,11,1,2,2,7,3,2,8,testicles,taboo,31,1,19_31
19,12,6,7,1,1,7,1,9,girls,neut,36,1,19_36
19,13,2,3,3,6,2,2,6,handjob,taboo,37,1,19_37
19,14,4,6,1,1,5,1,9,shoulders,neut,42,1,19_42
19,15,1,2,3,6,1,2,7,cock,taboo,43,1,19_43
19,16,5,9,1,1,7,5,8,airplane,neut,48,1,19_48
19,17,6,8,1,1,7,1,9,clap,neut,4,1,19_4
19,18,1,1,2,9,2,1,8,penises,taboo,5,1,19_5
19,19,7,8,1,1,6,1,9,legs,neut,10,1,19_10
19,20,1,7,2,3,3,1,6,piss,taboo,11,1,19_11
19,21,2,4,1,1,8,3,9,art,neut,16,1,19_16
19,22,1,1,1,3,1,1,6,anus,taboo,17,1,19_17
19,23,6,4,1,1,6,1,5,obligations,neut,22,1,19_22
19,24,1,2,2,6,5,1,8,erection,taboo,23,1,19_23
19,25,6,8,1,1,5,1,8,mascara,neut,28,1,19_28
19,26,4,5,1,1,5,1,7,menstruation,taboo,29,1,19_29
19,27,4,6,1,1,6,1,3,speeches,neut,34,1,19_34
19,28,1,1,2,5,3,2,3,erotic,taboo,35,1,19_35
19,29,8,9,1,1,9,1,9,water,neut,40,1,19_40
19,30,1,1,4,9,1,1,3,slut,taboo,41,1,19_41
19,31,2,2,1,1,5,1,6,plasma,neut,46,1,19_46
19,32,1,1,3,6,2,2,6,hooker,taboo,47,1,19_47
25,1,5,9,8,5,3,5,2,horny,taboo,1,1,25_1
25,2,3,5,1,1,7,3,3,show,neut,6,1,25_6
25,3,4,9,7,9,2,3,4,shit,taboo,7,1,25_7
25,4,2,1,1,5,4,6,9,wolf,neut,12,1,25_12
25,5,2,6,5,8,2,4,3,masturbation,taboo,13,1,25_13
25,6,5,6,1,1,5,4,7,knees,neut,18,1,25_18
25,7,2,1,6,1,5,1,4,pubic hair,taboo,19,1,25_19
25,8,6,7,1,1,7,4,6,flour,neut,24,1,25_24
25,9,3,3,4,5,2,6,6,dildo,taboo,25,1,25_25
25,10,4,5,1,8,2,3,9,motorcycle,neut,30,1,25_30
25,11,2,4,1,3,4,6,6,testicles,taboo,31,1,25_31
25,12,9,9,1,1,6,8,8,girls,neut,36,1,25_36
25,13,2,6,7,8,3,6,2,handjob,taboo,37,1,25_37
25,14,5,4,1,1,5,3,9,shoulders,neut,42,1,25_42
25,15,2,5,5,6,4,2,7,cock,taboo,43,1,25_43
25,16,9,9,1,1,5,5,9,airplane,neut,48,1,25_48
25,17,3,4,1,1,5,4,9,clap,neut,4,1,25_4
25,18,3,5,1,5,5,5,4,penises,taboo,5,1,25_5
25,19,9,9,1,1,5,8,9,legs,neut,10,1,25_10
25,20,5,7,7,5,2,1,3,piss,taboo,11,1,25_11
25,21,6,8,1,1,5,6,9,art,neut,16,1,25_16
25,22,2,1,1,2,5,7,2,anus,taboo,17,1,25_17
25,23,2,9,1,1,5,1,7,obligations,neut,22,1,25_22
25,24,2,5,4,5,2,1,4,erection,taboo,23,1,25_23
25,25,1,1,1,2,4,3,4,mascara,neut,28,1,25_28
25,26,1,7,4,2,2,1,1,menstruation,taboo,29,1,25_29
25,27,5,6,1,1,5,2,9,speeches,neut,34,1,25_34
25,28,2,2,4,5,4,4,3,erotic,taboo,35,1,25_35
25,29,9,9,1,1,9,9,9,water,neut,40,1,25_40
25,30,2,3,7,9,1,1,2,slut,taboo,41,1,25_41
25,31,1,1,1,1,5,3,1,plasma,neut,46,1,25_46
25,32,2,1,7,9,1,1,7,hooker,taboo,47,1,25_47
31,1,5,6,1,7,5,7,6,horny,taboo,1,1,31_1
31,2,2,7,1,1,5,4,4,show,neut,6,1,31_6
31,3,9,9,1,8,5,2,7,shit,taboo,7,1,31_7
31,4,1,3,1,1,5,1,5,wolf,neut,12,1,31_12
31,5,5,8,1,8,7,8,8,masturbation,taboo,13,1,31_13
31,6,3,8,1,1,5,2,7,knees,neut,18,1,31_18
31,7,4,7,1,6,5,4,9,pubic hair,taboo,19,1,31_19
31,8,3,6,1,1,5,3,9,flour,neut,24,1,31_24
31,9,5,5,1,8,5,6,9,dildo,taboo,25,1,31_25
31,10,5,7,1,1,5,6,9,motorcycle,neut,30,1,31_30
31,11,3,4,1,3,9,3,9,testicles,taboo,31,1,31_31
31,12,9,9,1,1,9,8,7,girls,neut,36,1,31_36
31,13,4,8,1,6,5,8,8,handjob,taboo,37,1,31_37
31,14,2,6,1,1,5,5,9,shoulders,neut,42,1,31_42
31,15,4,5,1,8,5,8,9,cock,taboo,43,1,31_43
31,16,5,6,1,1,5,9,9,airplane,neut,48,1,31_48
31,17,3,3,1,1,5,2,9,clap,neut,4,1,31_4
31,18,6,4,1,3,5,6,9,penises,taboo,5,1,31_5
31,19,5,6,1,1,5,6,8,legs,neut,10,1,31_10
31,20,2,7,1,7,5,2,9,piss,taboo,11,1,31_11
31,21,7,9,1,1,5,9,5,art,neut,16,1,31_16
31,22,6,6,1,5,5,4,9,anus,taboo,17,1,31_17
31,23,9,8,1,1,2,6,9,obligations,neut,22,1,31_22
31,24,4,6,1,5,5,9,9,erection,taboo,23,1,31_23
31,25,9,9,1,1,5,9,9,mascara,neut,28,1,31_28
31,26,9,9,1,1,9,1,9,menstruation,taboo,29,1,31_29
31,27,6,8,1,1,5,1,4,speeches,neut,34,1,31_34
31,28,4,8,1,4,7,8,7,erotic,taboo,35,1,31_35
31,29,9,9,1,1,7,4,9,water,neut,40,1,31_40
31,30,6,9,1,9,5,5,7,slut,taboo,41,1,31_41
31,31,1,5,1,1,5,2,2,plasma,neut,46,1,31_46
31,32,4,4,1,6,5,2,8,hooker,taboo,47,1,31_47
101,1,9,9,1,5,5,5,5,horny,taboo,1,1,101_1
101,2,9,9,1,1,9,1,5,show,neut,6,1,101_6
101,3,9,9,1,1,5,9,5,shit,taboo,7,1,101_7
101,4,5,9,1,1,5,1,9,wolf,neut,12,1,101_12
101,5,5,9,1,9,9,1,9,masturbation,taboo,13,1,101_13
101,6,9,9,1,5,5,1,9,knees,neut,18,1,101_18
101,7,1,9,1,5,1,1,9,pubic hair,taboo,19,1,101_19
101,8,5,3,1,1,5,1,9,flour,neut,24,1,101_24
101,9,1,9,1,9,7,5,9,dildo,taboo,25,1,101_25
101,10,9,9,1,1,9,9,9,motorcycle,neut,30,1,101_30
101,11,1,5,1,5,5,1,9,testicles,taboo,31,1,101_31
101,12,9,9,1,1,9,1,9,girls,neut,36,1,101_36
101,13,9,9,1,9,7,5,9,handjob,taboo,37,1,101_37
101,14,9,9,1,1,5,1,9,shoulders,neut,42,1,101_42
101,15,1,5,1,9,4,5,9,cock,taboo,43,1,101_43
101,16,9,9,1,1,9,9,9,airplane,neut,48,1,101_48
101,17,9,9,1,1,9,1,9,clap,neut,4,1,101_4
101,18,5,9,1,1,9,5,9,penises,taboo,5,1,101_5
101,19,9,9,1,1,9,1,9,legs,neut,10,1,101_10
101,20,9,9,1,5,5,5,9,piss,taboo,11,1,101_11
101,21,9,9,1,1,7,1,9,art,neut,16,1,101_16
101,22,5,9,1,5,4,1,9,anus,taboo,17,1,101_17
101,23,9,2,1,1,1,1,1,obligations,neut,22,1,101_22
101,24,9,5,1,5,9,5,9,erection,taboo,23,1,101_23
101,25,9,9,1,1,9,9,9,mascara,neut,28,1,101_28
101,26,9,9,1,5,4,1,9,menstruation,taboo,29,1,101_29
101,27,9,9,1,1,1,1,7,speeches,neut,34,1,101_34
101,28,1,2,1,5,5,5,5,erotic,taboo,35,1,101_35
101,29,9,9,1,1,9,1,9,water,neut,40,1,101_40
101,30,9,9,1,9,2,9,5,slut,taboo,41,1,101_41
101,31,1,1,1,1,5,1,5,plasma,neut,46,1,101_46
101,32,5,9,5,9,2,1,9,hooker,taboo,47,1,101_47
2,1,7,8,1,2,5,2,4,stiff,neut,1,2,2_1
2,2,5,2,4,9,1,9,5,incest,taboo,2,2,2_2
2,3,6,2,1,1,5,1,7,hay,neut,7,2,2_7
2,4,5,5,1,9,5,6,8,clitoris,taboo,8,2,2_8
2,5,7,9,1,1,5,6,9,sugar,neut,13,2,2_13
2,6,7,7,1,8,5,5,9,nipple,taboo,14,2,2_14
2,7,6,4,1,1,5,3,8,quarter,neut,19,2,2_19
2,8,7,8,1,7,5,5,9,sex,taboo,20,2,2_20
2,9,7,7,1,6,5,4,8,cigarette,neut,25,2,2_25
2,10,4,6,1,8,5,6,9,pornography,taboo,26,2,2_26
2,11,9,9,1,1,5,2,9,teeth,neut,31,2,2_31
2,12,7,8,1,5,5,8,8,condoms,taboo,32,2,2_32
2,13,3,1,1,1,5,1,8,letter,neut,37,2,2_37
2,14,7,7,1,9,5,8,7,orgasm,taboo,38,2,2_38
2,15,6,8,1,1,5,1,7,belly,neut,43,2,2_43
2,16,5,2,1,6,3,3,3,turd,taboo,44,2,2_44
2,17,9,8,1,1,5,2,9,doors,neut,5,2,2_5
2,18,6,5,1,9,1,8,8,rape,taboo,6,2,2_6
2,19,7,8,1,6,5,5,8,alcohol,neut,11,2,2_11
2,20,3,5,1,8,5,8,6,butthole,taboo,12,2,2_12
2,21,8,9,1,1,5,2,9,face,neut,17,2,2_17
2,22,8,8,1,7,5,8,9,boobs,taboo,18,2,2_18
2,23,7,7,1,1,5,1,7,muscle,neut,23,2,2_23
2,24,7,7,1,9,5,9,9,cum,taboo,24,2,2_24
2,25,5,3,1,1,5,1,5,agriculture,neut,29,2,2_29
2,26,5,8,1,6,1,3,5,syphilis,taboo,30,2,2_30
2,27,6,4,1,1,5,3,4,dynamic,neut,35,2,2_35
2,28,8,9,1,6,5,5,9,bitches,taboo,36,2,2_36
2,29,6,3,1,1,5,1,6,colleague,neut,41,2,2_41
2,30,7,5,1,9,5,7,9,tits,taboo,42,2,2_42
2,31,6,4,1,1,5,4,9,acrobat,neut,47,2,2_47
2,32,1,2,1,9,2,4,4,cocksucker,taboo,48,2,2_48
8,1,7,5,1,2,4,1,5,stiff,neut,1,2,8_1
8,2,2,4,6,9,1,3,7,incest,taboo,2,2,8_2
8,3,2,1,1,1,5,1,7,hay,neut,7,2,8_7
8,4,6,8,3,8,6,9,9,clitoris,taboo,8,2,8_8
8,5,8,7,1,1,5,1,8,sugar,neut,13,2,8_13
8,6,4,7,3,7,5,9,9,nipple,taboo,14,2,8_14
8,7,8,8,1,1,8,5,9,quarter,neut,19,2,8_19
8,8,8,9,2,5,8,9,9,sex,taboo,20,2,8_20
8,9,2,8,1,2,4,4,9,cigarette,neut,25,2,8_25
8,10,8,9,3,8,2,9,9,pornography,taboo,26,2,8_26
8,11,8,7,1,1,5,2,8,teeth,neut,31,2,8_31
8,12,8,8,2,6,6,9,9,condoms,taboo,32,2,8_32
8,13,8,6,1,1,5,1,2,letter,neut,37,2,8_37
8,14,7,5,2,7,9,9,9,orgasm,taboo,38,2,8_38
8,15,8,8,1,2,5,2,9,belly,neut,43,2,8_43
8,16,5,6,4,7,2,7,9,turd,taboo,44,2,8_44
8,17,6,3,1,1,5,1,7,doors,neut,5,2,8_5
8,18,2,2,7,9,1,7,6,rape,taboo,6,2,8_6
8,19,8,9,1,4,4,9,9,alcohol,neut,11,2,8_11
8,20,3,3,3,8,3,8,9,butthole,taboo,12,2,8_12
8,21,9,7,1,1,5,3,8,face,neut,17,2,8_17
8,22,8,9,3,8,3,9,9,boobs,taboo,18,2,8_18
8,23,9,8,1,1,6,7,9,muscle,neut,23,2,8_23
8,24,7,9,3,8,6,9,9,cum,taboo,24,2,8_24
8,25,5,5,1,1,5,1,6,agriculture,neut,29,2,8_29
8,26,2,2,2,5,1,3,5,syphilis,taboo,30,2,8_30
8,27,9,6,1,1,9,7,5,dynamic,neut,35,2,8_35
8,28,8,9,4,8,3,9,9,bitches,taboo,36,2,8_36
8,29,8,5,1,1,7,6,7,colleague,neut,41,2,8_41
8,30,8,9,3,8,7,9,9,tits,taboo,42,2,8_42
8,31,2,1,1,1,6,3,6,acrobat,neut,47,2,8_47
8,32,3,2,8,8,1,5,8,cocksucker,taboo,48,2,8_48
14,1,6,5,1,1,3,1,6,stiff,neut,1,2,14_1
14,2,1,4,7,8,1,2,7,incest,taboo,2,2,14_2
14,3,1,1,1,1,5,1,7,hay,neut,7,2,14_7
14,4,1,7,1,9,5,3,9,clitoris,taboo,8,2,14_8
14,5,8,9,1,1,5,1,7,sugar,neut,13,2,14_13
14,6,5,8,1,7,5,1,7,nipple,taboo,14,2,14_14
14,7,7,9,1,1,5,1,9,quarter,neut,19,2,14_19
14,8,8,9,1,9,5,1,9,sex,taboo,20,2,14_20
14,9,4,9,1,2,2,2,9,cigarette,neut,25,2,14_25
14,10,2,5,1,9,4,4,9,pornography,taboo,26,2,14_26
14,11,9,9,1,1,5,1,5,teeth,neut,31,2,14_31
14,12,6,7,1,8,5,1,9,condoms,taboo,32,2,14_32
14,13,7,7,1,1,5,1,9,letter,neut,37,2,14_37
14,14,5,6,1,9,7,1,5,orgasm,taboo,38,2,14_38
14,15,2,9,1,1,1,1,9,belly,neut,43,2,14_43
14,16,1,2,1,2,4,1,8,turd,taboo,44,2,14_44
14,17,9,9,1,1,5,1,9,doors,neut,5,2,14_5
14,18,8,9,1,9,1,9,5,rape,taboo,6,2,14_6
14,19,8,9,1,2,5,4,9,alcohol,neut,11,2,14_11
14,20,3,9,1,7,5,1,9,butthole,taboo,12,2,14_12
14,21,9,9,1,1,5,1,9,face,neut,17,2,14_17
14,22,9,9,1,7,5,5,9,boobs,taboo,18,2,14_18
14,23,9,9,1,1,5,1,8,muscle,neut,23,2,14_23
14,24,3,4,1,9,3,4,9,cum,taboo,24,2,14_24
14,25,2,1,1,1,5,1,9,agriculture,neut,29,2,14_29
14,26,1,1,1,7,3,4,1,syphilis,taboo,30,2,14_30
14,27,3,3,1,1,8,2,3,dynamic,neut,35,2,14_35
14,28,9,9,1,9,5,5,9,bitches,taboo,36,2,14_36
14,29,3,5,1,1,5,1,9,colleague,neut,41,2,14_41
14,30,5,9,6,8,5,3,9,tits,taboo,42,2,14_42
14,31,5,4,1,1,5,1,9,acrobat,neut,47,2,14_47
14,32,1,2,1,8,3,1,4,cocksucker,taboo,48,2,14_48
20,1,7,7,1,1,5,2,6,stiff,neut,1,2,20_1
20,2,4,6,2,7,1,6,4,incest,taboo,2,2,20_2
20,3,8,5,1,1,5,1,7,hay,neut,7,2,20_7
20,4,1,3,2,9,4,6,6,clitoris,taboo,8,2,20_8
20,5,9,9,1,1,6,5,9,sugar,neut,13,2,20_13
20,6,6,6,1,6,5,6,7,nipple,taboo,14,2,20_14
20,7,9,9,1,1,5,1,9,quarter,neut,19,2,20_19
20,8,5,7,1,8,5,6,8,sex,taboo,20,2,20_20
20,9,6,8,1,2,3,3,8,cigarette,neut,25,2,20_25
20,10,3,5,2,6,4,6,6,pornography,taboo,26,2,20_26
20,11,9,9,1,1,5,2,9,teeth,neut,31,2,20_31
20,12,3,6,1,5,5,3,7,condoms,taboo,32,2,20_32
20,13,9,9,1,1,5,2,9,letter,neut,37,2,20_37
20,14,2,6,2,8,4,7,5,orgasm,taboo,38,2,20_38
20,15,8,8,1,1,5,2,9,belly,neut,43,2,20_43
20,16,4,3,2,6,3,4,7,turd,taboo,44,2,20_44
20,17,9,9,1,1,5,1,9,doors,neut,5,2,20_5
20,18,8,8,2,6,1,7,6,rape,taboo,6,2,20_6
20,19,6,9,1,2,2,4,8,alcohol,neut,11,2,20_11
20,20,3,6,3,8,4,6,6,butthole,taboo,12,2,20_12
20,21,9,9,1,1,5,2,9,face,neut,17,2,20_17
20,22,8,8,1,6,5,2,8,boobs,taboo,18,2,20_18
20,23,9,8,1,1,5,2,9,muscle,neut,23,2,20_23
20,24,1,4,6,9,4,7,5,cum,taboo,24,2,20_24
20,25,7,6,1,1,5,1,6,agriculture,neut,29,2,20_29
20,26,1,5,2,7,3,5,4,syphilis,taboo,30,2,20_30
20,27,6,7,1,1,6,1,2,dynamic,neut,35,2,20_35
20,28,6,7,2,8,2,6,5,bitches,taboo,36,2,20_36
20,29,6,6,1,1,5,1,5,colleague,neut,41,2,20_41
20,30,1,6,3,9,2,6,7,tits,taboo,42,2,20_42
20,31,4,5,1,1,5,2,7,acrobat,neut,47,2,20_47
20,32,1,4,5,9,2,7,4,cocksucker,taboo,48,2,20_48
26,1,5,4,1,1,8,1,6,stiff,neut,1,2,26_1
26,2,1,6,3,9,1,7,9,incest,taboo,2,2,26_2
26,3,1,1,1,1,9,1,9,hay,neut,7,2,26_7
26,4,4,5,1,7,5,7,9,clitoris,taboo,8,2,26_8
26,5,6,3,1,1,9,5,9,sugar,neut,13,2,26_13
26,6,5,5,1,7,5,5,9,nipple,taboo,14,2,26_14
26,7,6,4,1,1,9,1,9,quarter,neut,19,2,26_19
26,8,6,8,1,9,6,7,9,sex,taboo,20,2,26_20
26,9,4,5,1,1,4,1,9,cigarette,neut,25,2,26_25
26,10,3,6,1,5,4,5,9,pornography,taboo,26,2,26_26
26,11,5,5,1,1,9,1,9,teeth,neut,31,2,26_31
26,12,4,6,1,5,5,5,9,condoms,taboo,32,2,26_32
26,13,5,6,1,1,9,1,9,letter,neut,37,2,26_37
26,14,5,9,1,9,5,6,9,orgasm,taboo,38,2,26_38
26,15,7,5,1,1,9,3,9,belly,neut,43,2,26_43
26,16,2,2,4,4,4,5,9,turd,taboo,44,2,26_44
26,17,5,8,1,1,9,1,9,doors,neut,5,2,26_5
26,18,1,7,7,7,1,7,9,rape,taboo,6,2,26_6
26,19,6,9,1,4,5,6,9,alcohol,neut,11,2,26_11
26,20,5,7,1,6,3,6,9,butthole,taboo,12,2,26_12
26,21,6,7,1,1,9,1,9,face,neut,17,2,26_17
26,22,7,9,1,4,5,5,9,boobs,taboo,18,2,26_18
26,23,6,5,1,1,9,1,9,muscle,neut,23,2,26_23
26,24,4,7,5,9,3,6,9,cum,taboo,24,2,26_24
26,25,1,3,1,1,9,1,9,agriculture,neut,29,2,26_29
26,26,1,2,1,7,2,6,5,syphilis,taboo,30,2,26_30
26,27,3,2,1,1,9,1,3,dynamic,neut,35,2,26_35
26,28,7,9,4,6,5,6,6,bitches,taboo,36,2,26_36
26,29,3,6,1,1,8,1,7,colleague,neut,41,2,26_41
26,30,3,6,7,9,3,4,9,tits,taboo,42,2,26_42
26,31,1,1,1,1,9,1,9,acrobat,neut,47,2,26_47
26,32,4,2,6,7,2,7,5,cocksucker,taboo,48,2,26_48
102,1,2,2,1,1,2,5,4,stiff,neut,1,2,102_1
102,2,1,3,1,9,2,3,9,incest,taboo,2,2,102_2
102,3,1,1,1,1,4,1,7,hay,neut,7,2,102_7
102,4,5,9,1,9,9,9,9,clitoris,taboo,8,2,102_8
102,5,1,3,1,1,4,2,9,sugar,neut,13,2,102_13
102,6,5,9,1,8,9,9,9,nipple,taboo,14,2,102_14
102,7,3,5,1,2,8,5,9,quarter,neut,19,2,102_19
102,8,3,9,1,7,9,9,9,sex,taboo,20,2,102_20
102,9,2,3,1,6,1,1,9,cigarette,neut,25,2,102_25
102,10,2,3,1,9,6,9,9,pornography,taboo,26,2,102_26
102,11,3,4,1,3,5,3,9,teeth,neut,31,2,102_31
102,12,3,9,1,8,9,9,9,condoms,taboo,32,2,102_32
102,13,2,2,1,1,8,2,9,letter,neut,37,2,102_37
102,14,6,9,1,9,8,9,9,orgasm,taboo,38,2,102_38
102,15,1,1,1,2,7,4,9,belly,neut,43,2,102_43
102,16,1,1,2,9,1,4,2,turd,taboo,44,2,102_44
102,17,1,2,1,1,5,2,9,doors,neut,5,2,102_5
102,18,4,4,2,9,1,1,8,rape,taboo,6,2,102_6
102,19,2,3,1,5,6,7,9,alcohol,neut,11,2,102_11
102,20,1,3,1,9,6,9,9,butthole,taboo,12,2,102_12
102,21,5,6,1,1,6,3,9,face,neut,17,2,102_17
102,22,6,9,1,5,9,9,9,boobs,taboo,18,2,102_18
102,23,2,3,1,1,8,7,8,muscle,neut,23,2,102_23
102,24,9,9,1,9,8,9,9,cum,taboo,24,2,102_24
102,25,4,4,1,1,8,2,9,agriculture,neut,29,2,102_29
102,26,2,8,1,9,1,4,4,syphilis,taboo,30,2,102_30
102,27,2,4,1,1,9,1,5,dynamic,neut,35,2,102_35
102,28,5,9,1,8,8,9,5,bitches,taboo,36,2,102_36
102,29,8,4,1,1,5,3,8,colleague,neut,41,2,102_41
102,30,3,9,1,6,9,9,9,tits,taboo,42,2,102_42
102,31,1,2,1,1,9,2,8,acrobat,neut,47,2,102_47
102,32,1,1,1,9,5,9,7,cocksucker,taboo,48,2,102_48
3,1,9,9,1,1,6,3,4,education,neut,2,3,3_2
3,2,7,9,1,2,5,2,9,vagina,taboo,3,3,3_3
3,3,9,9,1,1,5,1,9,thumb,neut,8,3,3_8
3,4,7,9,3,9,2,5,7,pussy,taboo,9,3,3_9
3,5,9,9,1,1,5,1,9,finger,neut,14,3,3_14
3,6,7,9,1,2,6,4,9,buttock,taboo,15,3,3_15
3,7,9,9,1,1,5,3,2,politics,neut,20,3,3_20
3,8,7,9,6,9,2,5,4,Asshole,taboo,21,3,3_21
3,9,9,9,1,1,5,3,3,government,neut,26,3,3_26
3,10,5,9,1,9,2,5,4,whore,taboo,27,3,3_27
3,11,9,9,1,1,5,1,9,cans,neut,32,3,3_32
3,12,1,8,1,7,4,3,9,vibrators,taboo,33,3,3_33
3,13,9,9,1,1,5,3,9,sandwich,neut,38,3,3_38
3,14,4,8,1,5,4,5,8,orgy,taboo,39,3,3_39
3,15,9,9,1,1,5,3,9,tooth,neut,44,3,3_44
3,16,9,9,1,3,5,3,9,butt,taboo,45,3,3_45
3,17,5,9,1,4,4,4,4,horny,taboo,1,3,3_1
3,18,9,9,1,1,5,1,9,show,neut,6,3,3_6
3,19,7,9,3,9,4,2,9,shit,taboo,7,3,3_7
3,20,5,8,1,1,5,4,9,wolf,neut,12,3,3_12
3,21,2,8,1,4,5,6,7,masturbation,taboo,13,3,3_13
3,22,7,9,1,1,5,1,9,knees,neut,18,3,3_18
3,23,4,9,1,7,5,5,9,pubic hair,taboo,19,3,3_19
3,24,5,9,1,1,5,1,9,flour,neut,24,3,3_24
3,25,4,8,1,8,4,3,9,dildo,taboo,25,3,3_25
3,26,9,9,1,1,5,1,9,motorcycle,neut,30,3,3_30
3,27,4,9,1,2,5,2,9,testicles,taboo,31,3,3_31
3,28,9,9,1,1,5,1,9,girls,neut,36,3,3_36
3,29,3,9,1,9,4,4,7,handjob,taboo,37,3,3_37
3,30,9,9,1,1,5,1,9,shoulders,neut,42,3,3_42
3,31,1,8,8,9,1,4,8,cock,taboo,43,3,3_43
3,32,9,9,1,1,5,3,9,airplane,neut,48,3,3_48
9,1,7,8,1,1,9,3,5,education,neut,2,3,9_2
9,2,6,5,1,8,4,5,9,vagina,taboo,3,3,9_3
9,3,5,4,1,1,5,1,9,thumb,neut,8,3,9_8
9,4,8,8,3,9,2,4,5,pussy,taboo,9,3,9_9
9,5,7,6,1,1,7,2,9,finger,neut,14,3,9_14
9,6,3,2,1,8,2,4,9,buttock,taboo,15,3,9_15
9,7,8,7,2,4,2,2,3,politics,neut,20,3,9_20
9,8,7,9,5,9,1,5,7,Asshole,taboo,21,3,9_21
9,9,8,7,2,3,2,1,5,government,neut,26,3,9_26
9,10,9,9,5,9,1,6,5,whore,taboo,27,3,9_27
9,11,6,3,1,1,8,1,8,cans,neut,32,3,9_32
9,12,5,6,1,9,4,6,7,vibrators,taboo,33,3,9_33
9,13,7,5,1,1,8,2,9,sandwich,neut,38,3,9_38
9,14,4,6,1,9,2,6,7,orgy,taboo,39,3,9_39
9,15,5,4,1,1,8,1,9,tooth,neut,44,3,9_44
9,16,6,7,2,7,4,6,9,butt,taboo,45,3,9_45
9,17,4,7,1,9,4,8,4,horny,taboo,1,3,9_1
9,18,9,7,1,1,8,7,6,show,neut,6,3,9_6
9,19,9,9,1,7,1,1,8,shit,taboo,7,3,9_7
9,20,5,3,1,2,4,3,9,wolf,neut,12,3,9_12
9,21,5,6,1,8,3,8,6,masturbation,taboo,13,3,9_13
9,22,7,3,1,1,5,1,9,knees,neut,18,3,9_18
9,23,3,5,2,9,1,1,7,pubic hair,taboo,19,3,9_19
9,24,5,2,1,1,8,1,9,flour,neut,24,3,9_24
9,25,6,7,1,9,4,7,9,dildo,taboo,25,3,9_25
9,26,6,7,1,1,5,8,9,motorcycle,neut,30,3,9_30
9,27,5,5,1,8,3,5,8,testicles,taboo,31,3,9_31
9,28,9,7,1,3,8,7,9,girls,neut,36,3,9_36
9,29,4,4,1,9,4,6,7,handjob,taboo,37,3,9_37
9,30,7,3,1,1,5,1,9,shoulders,neut,42,3,9_42
9,31,7,7,1,9,2,6,8,cock,taboo,43,3,9_43
9,32,5,6,1,1,7,7,9,airplane,neut,48,3,9_48
15,1,6,6,1,1,9,5,3,education,neut,2,3,15_2
15,2,8,2,1,8,5,1,9,vagina,taboo,3,3,15_3
15,3,4,3,1,1,5,1,9,thumb,neut,8,3,15_8
15,4,1,1,8,9,1,1,9,pussy,taboo,9,3,15_9
15,5,7,3,1,1,5,1,9,finger,neut,14,3,15_14
15,6,1,1,1,3,5,1,9,buttock,taboo,15,3,15_15
15,7,5,3,1,1,4,2,3,politics,neut,20,3,15_20
15,8,1,1,9,9,1,1,6,Asshole,taboo,21,3,15_21
15,9,7,7,1,1,4,2,5,government,neut,26,3,15_26
15,10,3,4,9,9,1,2,2,whore,taboo,27,3,15_27
15,11,8,8,1,1,5,1,9,cans,neut,32,3,15_32
15,12,3,2,1,6,5,3,9,vibrators,taboo,33,3,15_33
15,13,9,9,1,1,8,9,9,sandwich,neut,38,3,15_38
15,14,1,1,1,9,2,1,6,orgy,taboo,39,3,15_39
15,15,7,4,1,1,5,1,9,tooth,neut,44,3,15_44
15,16,9,3,1,4,5,3,9,butt,taboo,45,3,15_45
15,17,2,2,2,9,2,4,5,horny,taboo,1,3,15_1
15,18,6,7,1,1,5,3,9,show,neut,6,3,15_6
15,19,7,8,2,9,1,1,5,shit,taboo,7,3,15_7
15,20,2,3,1,1,5,1,7,wolf,neut,12,3,15_12
15,21,2,1,1,9,3,3,9,masturbation,taboo,13,3,15_13
15,22,9,4,1,1,5,1,9,knees,neut,18,3,15_18
15,23,1,1,2,6,4,1,6,pubic hair,taboo,19,3,15_19
15,24,6,2,1,1,5,1,9,flour,neut,24,3,15_24
15,25,2,1,1,9,4,2,8,dildo,taboo,25,3,15_25
15,26,4,6,1,1,5,1,9,motorcycle,neut,30,3,15_30
15,27,1,1,1,8,5,1,7,testicles,taboo,31,3,15_31
15,28,5,7,1,2,5,1,9,girls,neut,36,3,15_36
15,29,1,1,2,9,2,1,6,handjob,taboo,37,3,15_37
15,30,8,8,1,1,5,2,9,shoulders,neut,42,3,15_42
15,31,1,1,8,9,1,2,8,cock,taboo,43,3,15_43
15,32,5,4,1,1,5,9,9,airplane,neut,48,3,15_48
21,1,8,9,1,3,6,4,1,education,neut,2,3,21_2
21,2,9,9,1,8,6,6,8,vagina,taboo,3,3,21_3
21,3,6,5,1,1,5,1,9,thumb,neut,8,3,21_8
21,4,9,9,1,8,6,8,9,pussy,taboo,9,3,21_9
21,5,1,2,1,4,5,3,9,finger,neut,14,3,21_14
21,6,1,2,1,9,5,5,9,buttock,taboo,15,3,21_15
21,7,5,9,1,6,1,1,1,politics,neut,20,3,21_20
21,8,9,8,1,9,5,6,5,Asshole,taboo,21,3,21_21
21,9,8,8,1,5,4,1,3,government,neut,26,3,21_26
21,10,1,9,2,9,3,1,3,whore,taboo,27,3,21_27
21,11,1,5,1,1,5,1,9,cans,neut,32,3,21_32
21,12,1,2,1,9,6,6,9,vibrators,taboo,33,3,21_33
21,13,5,8,1,1,5,1,9,sandwich,neut,38,3,21_38
21,14,1,2,1,9,4,8,8,orgy,taboo,39,3,21_39
21,15,5,9,1,2,5,3,9,tooth,neut,44,3,21_44
21,16,7,1,1,5,5,5,9,butt,taboo,45,3,21_45
21,17,1,1,1,9,4,7,6,horny,taboo,1,3,21_1
21,18,1,1,1,1,5,1,1,show,neut,6,3,21_6
21,19,9,9,1,5,5,1,9,shit,taboo,7,3,21_7
21,20,1,5,1,1,5,1,9,wolf,neut,12,3,21_12
21,21,1,3,1,9,2,7,8,masturbation,taboo,13,3,21_13
21,22,1,2,1,5,5,6,9,knees,neut,18,3,21_18
21,23,1,1,1,9,5,1,9,pubic hair,taboo,19,3,21_19
21,24,1,3,1,1,5,1,9,flour,neut,24,3,21_24
21,25,2,7,1,9,2,7,8,dildo,taboo,25,3,21_25
21,26,7,5,1,1,5,1,9,motorcycle,neut,30,3,21_30
21,27,1,3,1,9,5,1,9,testicles,taboo,31,3,21_31
21,28,9,9,1,2,7,8,9,girls,neut,36,3,21_36
21,29,1,2,1,9,3,1,9,handjob,taboo,37,3,21_37
21,30,9,7,1,1,5,5,9,shoulders,neut,42,3,21_42
21,31,1,1,1,9,4,1,7,cock,taboo,43,3,21_43
21,32,6,9,1,1,5,3,9,airplane,neut,48,3,21_48
27,1,8,9,1,1,8,7,2,education,neut,2,3,27_2
27,2,5,6,1,7,7,2,8,vagina,taboo,3,3,27_3
27,3,3,6,1,1,6,1,9,thumb,neut,8,3,27_8
27,4,1,3,9,9,1,1,5,pussy,taboo,9,3,27_9
27,5,7,6,1,1,6,3,9,finger,neut,14,3,27_14
27,6,6,3,1,8,7,3,4,buttock,taboo,15,3,27_15
27,7,7,8,1,5,6,5,3,politics,neut,20,3,27_20
27,8,2,6,6,8,1,1,3,Asshole,taboo,21,3,27_21
27,9,6,9,1,3,3,3,3,government,neut,26,3,27_26
27,10,1,2,9,9,1,1,4,whore,taboo,27,3,27_27
27,11,4,6,1,1,8,2,8,cans,neut,32,3,27_32
27,12,1,1,4,9,2,1,3,vibrators,taboo,33,3,27_33
27,13,8,9,1,1,9,9,9,sandwich,neut,38,3,27_38
27,14,1,1,8,9,1,1,2,orgy,taboo,39,3,27_39
27,15,6,5,1,1,6,2,8,tooth,neut,44,3,27_44
27,16,7,8,2,8,7,5,9,butt,taboo,45,3,27_45
27,17,2,6,4,8,6,1,2,horny,taboo,1,3,27_1
27,18,7,9,1,1,9,8,3,show,neut,6,3,27_6
27,19,5,9,3,4,5,2,7,shit,taboo,7,3,27_7
27,20,2,4,1,1,6,4,9,wolf,neut,12,3,27_12
27,21,2,6,1,9,2,2,3,masturbation,taboo,13,3,27_13
27,22,3,5,1,1,5,3,9,knees,neut,18,3,27_18
27,23,1,1,4,9,3,1,4,pubic hair,taboo,19,3,27_19
27,24,5,7,1,1,6,4,9,flour,neut,24,3,27_24
27,25,1,2,4,9,2,1,4,dildo,taboo,25,3,27_25
27,26,5,5,1,4,5,2,9,motorcycle,neut,30,3,27_30
27,27,7,7,1,8,7,3,8,testicles,taboo,31,3,27_31
27,28,6,9,1,1,6,3,7,girls,neut,36,3,27_36
27,29,5,5,2,9,6,4,6,handjob,taboo,37,3,27_37
27,30,5,7,1,1,5,2,9,shoulders,neut,42,3,27_42
27,31,1,1,9,9,1,1,4,cock,taboo,43,3,27_43
27,32,6,9,1,1,8,7,9,airplane,neut,48,3,27_48
4,1,1,4,1,1,5,2,9,scalp,neut,3,4,4_3
4,2,2,4,1,3,1,3,9,fart,taboo,4,4,4_4
4,3,8,9,1,1,9,1,2,welcome,neut,9,4,4_9
4,4,4,7,2,7,5,4,9,balls,taboo,10,4,4_10
4,5,6,9,1,1,5,1,9,arm,neut,15,4,4_15
4,6,7,9,1,7,5,4,9,dick,taboo,16,4,4_16
4,7,8,9,1,5,7,7,7,Dude,neut,21,4,4_21
4,8,2,7,2,5,1,3,9,diarrhea,taboo,22,4,4_22
4,9,5,9,1,1,5,6,7,boss,neut,27,4,4_27
4,10,4,4,1,4,4,7,9,tampon,taboo,28,4,4_28
4,11,2,4,1,1,5,1,9,coffee pots,neut,33,4,4_33
4,12,6,5,1,9,7,5,9,blowjobs,taboo,34,4,4_34
4,13,2,3,1,1,9,1,9,circus,neut,39,4,4_39
4,14,2,3,1,9,5,7,9,lubricant,taboo,40,4,4_40
4,15,5,5,1,1,5,4,9,calf,neut,45,4,4_45
4,16,4,7,1,7,5,3,9,sperm,taboo,46,4,4_46
4,17,3,5,1,1,2,1,7,stiff,neut,1,4,4_1
4,18,2,3,1,9,1,4,7,incest,taboo,2,4,4_2
4,19,1,1,1,1,5,4,9,hay,neut,7,4,4_7
4,20,3,5,1,9,5,6,9,clitoris,taboo,8,4,4_8
4,21,6,7,1,1,7,1,9,sugar,neut,13,4,4_13
4,22,3,5,1,5,8,2,9,nipple,taboo,14,4,4_14
4,23,3,7,1,1,5,1,9,quarter,neut,19,4,4_19
4,24,6,9,1,9,9,9,9,sex,taboo,20,4,4_20
4,25,2,2,1,5,1,2,9,cigarette,neut,25,4,4_25
4,26,2,4,1,9,3,8,9,pornography,taboo,26,4,4_26
4,27,2,7,1,1,7,1,9,teeth,neut,31,4,4_31
4,28,7,6,1,8,5,4,9,condoms,taboo,32,4,4_32
4,29,8,8,1,1,5,1,9,letter,neut,37,4,4_37
4,30,6,6,1,9,8,9,8,orgasm,taboo,38,4,4_38
4,31,1,4,1,1,1,2,9,belly,neut,43,4,4_43
4,32,1,1,1,5,1,9,9,turd,taboo,44,4,4_44
10,1,7,5,1,3,9,1,9,scalp,neut,3,4,10_3
10,2,5,7,4,5,3,1,7,fart,taboo,4,4,10_4
10,3,9,9,1,1,9,9,6,welcome,neut,9,4,10_9
10,4,8,8,1,8,5,6,8,balls,taboo,10,4,10_10
10,5,9,8,1,1,9,5,9,arm,neut,15,4,10_15
10,6,9,9,1,9,4,9,9,dick,taboo,16,4,10_16
10,7,9,9,1,2,7,7,7,Dude,neut,21,4,10_21
10,8,4,3,3,8,1,1,9,diarrhea,taboo,22,4,10_22
10,9,7,7,1,1,5,3,7,boss,neut,27,4,10_27
10,10,9,7,1,8,7,3,9,tampon,taboo,28,4,10_28
10,11,3,2,4,1,5,1,9,coffee pots,neut,33,4,10_33
10,12,9,6,1,9,9,9,9,blowjobs,taboo,34,4,10_34
10,13,4,5,1,1,9,9,9,circus,neut,39,4,10_39
10,14,9,4,1,7,9,9,9,lubricant,taboo,40,4,10_40
10,15,7,5,1,1,9,9,9,calf,neut,45,4,10_45
10,16,4,8,1,8,5,5,9,sperm,taboo,46,4,10_46
10,17,7,4,1,3,4,1,5,stiff,neut,1,4,10_1
10,18,3,2,9,9,1,1,7,incest,taboo,2,4,10_2
10,19,4,3,1,1,5,1,9,hay,neut,7,4,10_7
10,20,6,7,1,9,9,9,9,clitoris,taboo,8,4,10_8
10,21,9,8,1,1,9,9,9,sugar,neut,13,4,10_13
10,22,9,7,1,8,9,9,9,nipple,taboo,14,4,10_14
10,23,9,7,1,1,9,5,8,quarter,neut,19,4,10_19
10,24,8,9,1,9,9,9,9,sex,taboo,20,4,10_20
10,25,2,7,1,3,4,1,9,cigarette,neut,25,4,10_25
10,26,5,7,1,9,4,7,9,pornography,taboo,26,4,10_26
10,27,8,8,1,1,5,5,9,teeth,neut,31,4,10_31
10,28,8,7,1,9,9,6,9,condoms,taboo,32,4,10_32
10,29,9,8,1,1,9,5,6,letter,neut,37,4,10_37
10,30,7,7,1,9,9,9,8,orgasm,taboo,38,4,10_38
10,31,9,7,1,1,9,6,9,belly,neut,43,4,10_43
10,32,3,6,2,7,2,2,9,turd,taboo,44,4,10_44
16,1,1,5,1,1,5,1,3,scalp,neut,3,4,16_3
16,2,4,5,1,3,4,4,4,fart,taboo,4,4,16_4
16,3,4,7,1,1,5,5,1,welcome,neut,9,4,16_9
16,4,3,4,4,6,4,3,4,balls,taboo,10,4,16_10
16,5,1,5,1,1,5,2,9,arm,neut,15,4,16_15
16,6,6,7,4,8,6,6,5,dick,taboo,16,4,16_16
16,7,7,5,3,3,5,1,4,Dude,neut,21,4,16_21
16,8,3,8,1,5,2,3,7,diarrhea,taboo,22,4,16_22
16,9,7,8,1,1,3,1,8,boss,neut,27,4,16_27
16,10,5,7,3,6,4,2,7,tampon,taboo,28,4,16_28
16,11,1,7,1,1,5,1,9,coffee pots,neut,33,4,16_33
16,12,3,6,4,6,4,4,4,blowjobs,taboo,34,4,16_34
16,13,1,3,1,1,5,4,7,circus,neut,39,4,16_39
16,14,4,3,2,5,7,5,5,lubricant,taboo,40,4,16_40
16,15,2,6,1,1,5,1,7,calf,neut,45,4,16_45
16,16,1,3,1,7,3,2,3,sperm,taboo,46,4,16_46
16,17,2,4,1,2,3,1,4,stiff,neut,1,4,16_1
16,18,1,3,7,7,2,1,1,incest,taboo,2,4,16_2
16,19,1,6,1,1,5,1,5,hay,neut,7,4,16_7
16,20,5,6,3,7,7,5,6,clitoris,taboo,8,4,16_8
16,21,1,7,1,1,4,7,9,sugar,neut,13,4,16_13
16,22,3,4,1,7,6,4,6,nipple,taboo,14,4,16_14
16,23,1,5,1,1,5,1,9,quarter,neut,19,4,16_19
16,24,4,8,3,6,7,6,3,sex,taboo,20,4,16_20
16,25,3,6,1,2,5,1,9,cigarette,neut,25,4,16_25
16,26,6,3,5,8,6,6,4,pornography,taboo,26,4,16_26
16,27,6,9,1,1,5,3,9,teeth,neut,31,4,16_31
16,28,1,7,2,5,4,3,8,condoms,taboo,32,4,16_32
16,29,1,5,1,1,5,1,3,letter,neut,37,4,16_37
16,30,4,5,3,8,7,6,5,orgasm,taboo,38,4,16_38
16,31,5,6,1,1,6,4,9,belly,neut,43,4,16_43
16,32,2,4,2,4,3,3,5,turd,taboo,44,4,16_44
22,1,3,2,1,5,5,1,9,scalp,neut,3,4,22_3
22,2,4,3,1,7,4,4,9,fart,taboo,4,4,22_4
22,3,9,7,1,2,7,1,2,welcome,neut,9,4,22_9
22,4,5,4,1,7,3,3,9,balls,taboo,10,4,22_10
22,5,7,5,1,2,5,1,9,arm,neut,15,4,22_15
22,6,5,5,1,9,1,4,9,dick,taboo,16,4,22_16
22,7,6,6,1,7,6,3,5,Dude,neut,21,4,22_21
22,8,2,3,1,8,2,1,9,diarrhea,taboo,22,4,22_22
22,9,7,8,1,2,5,1,9,boss,neut,27,4,22_27
22,10,4,5,1,8,5,1,9,tampon,taboo,28,4,22_28
22,11,8,7,1,3,5,1,9,coffee pots,neut,33,4,22_33
22,12,5,5,1,9,2,3,9,blowjobs,taboo,34,4,22_34
22,13,2,1,1,6,5,1,9,circus,neut,39,4,22_39
22,14,4,2,1,9,5,2,9,lubricant,taboo,40,4,22_40
22,15,3,4,1,5,5,1,8,calf,neut,45,4,22_45
22,16,2,2,1,9,5,2,7,sperm,taboo,46,4,22_46
22,17,4,4,1,5,5,1,3,stiff,neut,1,4,22_1
22,18,1,1,1,9,5,3,5,incest,taboo,2,4,22_2
22,19,2,4,1,5,5,1,7,hay,neut,7,4,22_7
22,20,3,2,1,9,5,3,9,clitoris,taboo,8,4,22_8
22,21,7,7,1,3,5,1,9,sugar,neut,13,4,22_13
22,22,2,2,1,7,5,2,9,nipple,taboo,14,4,22_14
22,23,7,5,1,4,5,1,9,quarter,neut,19,4,22_19
22,24,3,5,1,9,5,3,9,sex,taboo,20,4,22_20
22,25,3,5,1,7,3,1,9,cigarette,neut,25,4,22_25
22,26,3,1,1,9,2,2,9,pornography,taboo,26,4,22_26
22,27,4,3,1,5,5,1,9,teeth,neut,31,4,22_31
22,28,5,5,1,9,5,2,9,condoms,taboo,32,4,22_32
22,29,6,6,1,2,5,1,9,letter,neut,37,4,22_37
22,30,3,2,1,9,6,3,8,orgasm,taboo,38,4,22_38
22,31,1,1,1,5,5,1,9,belly,neut,43,4,22_43
22,32,1,2,1,8,3,2,9,turd,taboo,44,4,22_44
28,1,3,2,1,1,5,2,7,scalp,neut,3,4,28_3
28,2,4,6,3,7,5,1,3,fart,taboo,4,4,28_4
28,3,9,9,1,1,9,4,3,welcome,neut,9,4,28_9
28,4,6,5,1,8,5,4,6,balls,taboo,10,4,28_10
28,5,6,6,1,1,5,1,7,arm,neut,15,4,28_15
28,6,6,7,4,9,4,7,5,dick,taboo,16,4,28_16
28,7,8,9,1,1,5,1,6,Dude,neut,21,4,28_21
28,8,5,4,1,7,4,5,5,diarrhea,taboo,22,4,28_22
28,9,8,8,1,1,4,8,7,boss,neut,27,4,28_27
28,10,6,7,1,8,5,2,8,tampon,taboo,28,4,28_28
28,11,6,4,1,1,5,3,6,coffee pots,neut,33,4,28_33
28,12,5,5,3,9,4,5,7,blowjobs,taboo,34,4,28_34
28,13,1,2,1,2,4,1,8,circus,neut,39,4,28_39
28,14,3,4,1,7,3,5,4,lubricant,taboo,40,4,28_40
28,15,1,4,1,1,5,1,7,calf,neut,45,4,28_45
28,16,5,4,1,7,5,2,7,sperm,taboo,46,4,28_46
28,17,4,2,2,2,3,3,2,stiff,neut,1,4,28_1
28,18,3,2,2,9,2,8,1,incest,taboo,2,4,28_2
28,19,1,1,1,1,5,1,7,hay,neut,7,4,28_7
28,20,4,5,1,8,4,7,7,clitoris,taboo,8,4,28_8
28,21,6,7,1,1,5,7,6,sugar,neut,13,4,28_13
28,22,6,6,2,9,4,2,9,nipple,taboo,14,4,28_14
28,23,7,6,1,1,5,5,7,quarter,neut,19,4,28_19
28,24,6,8,1,8,6,7,8,sex,taboo,20,4,28_20
28,25,5,6,1,8,3,4,8,cigarette,neut,25,4,28_25
28,26,3,3,2,9,2,2,4,pornography,taboo,26,4,28_26
28,27,5,6,1,1,5,2,8,teeth,neut,31,4,28_31
28,28,6,6,1,8,5,6,7,condoms,taboo,32,4,28_32
28,29,8,7,1,1,6,5,7,letter,neut,37,4,28_37
28,30,3,6,1,8,6,8,5,orgasm,taboo,38,4,28_38
28,31,8,8,1,3,3,1,7,belly,neut,43,4,28_43
28,32,3,1,7,8,2,1,1,turd,taboo,44,4,28_44
5,1,3,3,1,2,7,3,5,clap,neut,4,5,5_4
5,2,2,1,9,8,4,3,6,penises,taboo,5,5,5_5
5,3,6,5,2,1,5,4,9,legs,neut,10,5,5_10
5,4,1,1,7,6,3,1,7,piss,taboo,11,5,5_11
5,5,5,5,1,3,7,6,7,art,neut,16,5,5_16
5,6,2,1,5,8,5,5,1,anus,taboo,17,5,5_17
5,7,5,6,1,3,3,5,1,obligations,neut,22,5,5_22
5,8,3,3,6,6,5,3,7,erection,taboo,23,5,5_23
5,9,5,3,1,2,5,4,7,mascara,neut,28,5,5_28
5,10,6,4,4,7,5,6,7,menstruation,taboo,29,5,5_29
5,11,5,4,1,3,5,5,6,speeches,neut,34,5,5_34
5,12,2,3,6,7,5,5,1,erotic,taboo,35,5,5_35
5,13,7,9,1,1,8,8,9,water,neut,40,5,5_40
5,14,3,3,8,8,2,5,5,slut,taboo,41,5,5_41
5,15,4,3,3,1,5,7,9,plasma,neut,46,5,5_46
5,16,2,2,5,7,2,2,3,hooker,taboo,47,5,5_47
5,17,7,8,1,3,8,6,6,education,neut,2,5,5_2
5,18,7,6,5,7,5,7,7,vagina,taboo,3,5,5_3
5,19,6,4,2,2,5,3,9,thumb,neut,8,5,5_8
5,20,1,1,7,9,1,4,4,pussy,taboo,9,5,5_9
5,21,5,6,5,4,5,6,8,finger,neut,14,5,5_14
5,22,1,2,5,5,3,6,2,buttock,taboo,15,5,5_15
5,23,8,8,8,5,3,7,8,politics,neut,20,5,5_20
5,24,7,7,6,8,2,7,5,Asshole,taboo,21,5,5_21
5,25,8,8,5,5,3,7,4,government,neut,26,5,5_26
5,26,3,4,8,7,2,4,2,whore,taboo,27,5,5_27
5,27,4,3,2,1,5,5,7,cans,neut,32,5,5_32
5,28,3,3,5,7,5,4,8,vibrators,taboo,33,5,5_33
5,29,6,6,1,1,9,7,9,sandwich,neut,38,5,5_38
5,30,2,1,7,9,2,8,3,orgy,taboo,39,5,5_39
5,31,6,4,1,2,5,3,8,tooth,neut,44,5,5_44
5,32,6,6,5,5,5,3,8,butt,taboo,45,5,5_45
11,1,8,9,1,1,8,1,8,clap,neut,4,5,11_4
11,2,2,5,1,2,4,2,9,penises,taboo,5,5,11_5
11,3,9,8,1,1,5,1,9,legs,neut,10,5,11_10
11,4,1,3,4,5,3,2,9,piss,taboo,11,5,11_11
11,5,9,8,1,1,9,7,9,art,neut,16,5,11_16
11,6,2,3,1,4,4,4,9,anus,taboo,17,5,11_17
11,7,5,9,1,2,4,1,3,obligations,neut,22,5,11_22
11,8,7,4,1,5,4,4,9,erection,taboo,23,5,11_23
11,9,7,9,1,1,8,3,9,mascara,neut,28,5,11_28
11,10,5,4,1,2,4,2,7,menstruation,taboo,29,5,11_29
11,11,7,9,2,1,5,2,5,speeches,neut,34,5,11_34
11,12,3,3,1,6,7,4,6,erotic,taboo,35,5,11_35
11,13,9,9,1,1,6,1,9,water,neut,40,5,11_40
11,14,1,3,8,6,1,2,9,slut,taboo,41,5,11_41
11,15,1,2,1,1,5,1,1,plasma,neut,46,5,11_46
11,16,1,2,1,7,2,1,9,hooker,taboo,47,5,11_47
11,17,9,9,1,1,9,1,5,education,neut,2,5,11_2
11,18,2,3,1,4,5,3,9,vagina,taboo,3,5,11_3
11,19,5,8,1,1,5,1,9,thumb,neut,8,5,11_8
11,20,1,4,9,8,1,4,8,pussy,taboo,9,5,11_9
11,21,7,8,1,2,7,3,8,finger,neut,14,5,11_14
11,22,1,4,1,3,5,1,7,buttock,taboo,15,5,11_15
11,23,7,9,1,3,3,2,6,politics,neut,20,5,11_20
11,24,4,5,4,3,2,1,9,Asshole,taboo,21,5,11_21
11,25,9,9,1,2,2,1,4,government,neut,26,5,11_26
11,26,1,3,7,7,1,3,9,whore,taboo,27,5,11_27
11,27,8,8,1,1,5,1,8,cans,neut,32,5,11_32
11,28,1,3,1,8,5,2,8,vibrators,taboo,33,5,11_33
11,29,6,9,1,1,6,1,9,sandwich,neut,38,5,11_38
11,30,1,2,6,9,1,1,9,orgy,taboo,39,5,11_39
11,31,8,8,1,1,5,1,9,tooth,neut,44,5,11_44
11,32,4,7,1,2,5,1,9,butt,taboo,45,5,11_45
17,1,8,8,1,1,5,5,8,clap,neut,4,5,17_4
17,2,2,5,1,8,2,7,6,penises,taboo,5,5,17_5
17,3,8,8,1,1,9,5,9,legs,neut,10,5,17_10
17,4,4,6,1,7,4,2,6,piss,taboo,11,5,17_11
17,5,7,7,1,1,8,7,9,art,neut,16,5,17_16
17,6,2,5,1,8,2,5,6,anus,taboo,17,5,17_17
17,7,9,4,1,1,9,3,4,obligations,neut,22,5,17_22
17,8,2,6,1,8,2,5,7,erection,taboo,23,5,17_23
17,9,2,4,1,1,9,4,8,mascara,neut,28,5,17_28
17,10,6,3,1,7,3,2,8,menstruation,taboo,29,5,17_29
17,11,8,7,1,1,9,3,8,speeches,neut,34,5,17_34
17,12,2,4,1,8,2,7,7,erotic,taboo,35,5,17_35
17,13,9,9,1,1,9,8,9,water,neut,40,5,17_40
17,14,1,4,2,9,1,4,7,slut,taboo,41,5,17_41
17,15,3,3,1,1,8,4,4,plasma,neut,46,5,17_46
17,16,2,5,2,9,1,6,6,hooker,taboo,47,5,17_47
17,17,9,7,1,1,9,3,6,education,neut,2,5,17_2
17,18,5,5,1,8,3,5,7,vagina,taboo,3,5,17_3
17,19,9,6,1,1,9,5,9,thumb,neut,8,5,17_8
17,20,3,5,1,6,4,5,7,pussy,taboo,9,5,17_9
17,21,8,8,1,1,9,3,9,finger,neut,14,5,17_14
17,22,4,4,1,8,3,5,8,buttock,taboo,15,5,17_15
17,23,7,9,1,3,8,4,6,politics,neut,20,5,17_20
17,24,1,7,1,8,2,3,6,Asshole,taboo,21,5,17_21
17,25,7,8,1,2,8,2,6,government,neut,26,5,17_26
17,26,1,5,2,9,1,2,7,whore,taboo,27,5,17_27
17,27,7,9,1,1,9,7,8,cans,neut,32,5,17_32
17,28,2,5,1,9,2,5,6,vibrators,taboo,33,5,17_33
17,29,4,9,1,1,9,8,9,sandwich,neut,38,5,17_38
17,30,2,4,1,9,2,4,6,orgy,taboo,39,5,17_39
17,31,7,5,1,1,9,4,8,tooth,neut,44,5,17_44
17,32,3,6,1,5,4,5,7,butt,taboo,45,5,17_45
29,1,4,4,1,1,9,1,8,clap,neut,4,5,29_4
29,2,6,7,1,9,5,9,4,penises,taboo,5,5,29_5
29,3,9,8,1,1,5,1,8,legs,neut,10,5,29_10
29,4,3,4,3,7,3,3,6,piss,taboo,11,5,29_11
29,5,5,5,1,1,9,7,8,art,neut,16,5,29_16
29,6,1,3,3,9,5,1,3,anus,taboo,17,5,29_17
29,7,6,3,1,1,3,1,1,obligations,neut,22,5,29_22
29,8,2,6,1,8,6,8,6,erection,taboo,23,5,29_23
29,9,9,3,1,1,5,9,9,mascara,neut,28,5,29_28
29,10,5,6,1,8,5,1,9,menstruation,taboo,29,5,29_29
29,11,6,5,1,1,6,1,7,speeches,neut,34,5,29_34
29,12,1,2,1,8,6,7,6,erotic,taboo,35,5,29_35
29,13,9,9,1,1,5,4,8,water,neut,40,5,29_40
29,14,6,6,7,9,2,4,3,slut,taboo,41,5,29_41
29,15,1,2,1,1,5,1,1,plasma,neut,46,5,29_46
29,16,2,3,6,7,1,2,5,hooker,taboo,47,5,29_47
29,17,7,8,1,5,4,3,5,education,neut,2,5,29_2
29,18,7,6,1,7,5,7,8,vagina,taboo,3,5,29_3
29,19,9,7,1,1,5,1,9,thumb,neut,8,5,29_8
29,20,6,6,3,9,2,8,5,pussy,taboo,9,5,29_9
29,21,9,8,1,1,5,8,6,finger,neut,14,5,29_14
29,22,2,1,1,6,5,2,7,buttock,taboo,15,5,29_15
29,23,5,8,1,8,3,1,3,politics,neut,20,5,29_20
29,24,4,8,7,9,1,4,2,Asshole,taboo,21,5,29_21
29,25,7,8,1,8,3,2,8,government,neut,26,5,29_26
29,26,6,6,7,9,2,6,5,whore,taboo,27,5,29_27
29,27,3,2,1,1,2,1,6,cans,neut,32,5,29_32
29,28,2,2,1,8,6,9,4,vibrators,taboo,33,5,29_33
29,29,9,9,1,1,7,1,7,sandwich,neut,38,5,29_38
29,30,1,1,2,9,6,8,5,orgy,taboo,39,5,29_39
29,31,9,6,1,1,5,1,7,tooth,neut,44,5,29_44
29,32,6,7,2,7,4,7,8,butt,taboo,45,5,29_45
6,1,4,9,1,1,5,1,9,doors,neut,5,6,6_5
6,2,1,4,6,9,1,1,7,rape,taboo,6,6,6_6
6,3,8,8,1,3,3,7,6,alcohol,neut,11,6,6_11
6,4,1,2,2,8,3,6,8,butthole,taboo,12,6,6_12
6,5,3,9,1,1,5,3,9,face,neut,17,6,6_17
6,6,8,6,2,7,3,6,9,boobs,taboo,18,6,6_18
6,7,8,5,1,1,5,1,9,muscle,neut,23,6,6_23
6,8,6,5,3,7,3,8,9,cum,taboo,24,6,6_24
6,9,1,6,1,1,5,1,3,agriculture,neut,29,6,6_29
6,10,1,3,4,6,2,2,5,syphilis,taboo,30,6,6_30
6,11,8,6,1,1,5,3,5,dynamic,neut,35,6,6_35
6,12,7,4,2,5,4,5,5,bitches,taboo,36,6,6_36
6,13,6,9,1,1,5,3,6,colleague,neut,41,6,6_41
6,14,6,2,2,8,4,6,9,tits,taboo,42,6,6_42
6,15,4,4,1,1,5,3,7,acrobat,neut,47,6,6_47
6,16,2,3,4,7,2,6,4,cocksucker,taboo,48,6,6_48
6,17,1,5,1,2,5,1,9,scalp,neut,3,6,6_3
6,18,3,6,2,4,4,4,4,fart,taboo,4,6,6_4
6,19,6,9,1,1,9,5,3,welcome,neut,9,6,6_9
6,20,4,7,1,2,4,4,8,balls,taboo,10,6,6_10
6,21,2,9,1,1,5,1,9,arm,neut,15,6,6_15
6,22,5,5,2,9,3,8,9,dick,taboo,16,6,6_16
6,23,9,9,1,1,5,5,6,Dude,neut,21,6,6_21
6,24,1,5,2,3,1,1,7,diarrhea,taboo,22,6,6_22
6,25,5,7,1,1,5,5,5,boss,neut,27,6,6_27
6,26,1,7,1,5,3,3,9,tampon,taboo,28,6,6_28
6,27,3,7,1,1,5,2,9,coffee pots,neut,33,6,6_33
6,28,4,4,2,9,4,4,6,blowjobs,taboo,34,6,6_34
6,29,3,4,1,1,5,3,8,circus,neut,39,6,6_39
6,30,4,4,2,5,4,6,9,lubricant,taboo,40,6,6_40
6,31,4,6,1,3,5,2,9,calf,neut,45,6,6_45
6,32,4,5,1,7,5,4,9,sperm,taboo,46,6,6_46
12,1,9,9,1,1,5,1,9,doors,neut,5,6,12_5
12,2,8,9,9,7,1,9,9,rape,taboo,6,6,12_6
12,3,9,9,1,6,8,9,9,alcohol,neut,11,6,12_11
12,4,2,5,5,9,3,7,5,butthole,taboo,12,6,12_12
12,5,9,9,1,1,7,5,8,face,neut,17,6,12_17
12,6,8,7,2,7,6,7,9,boobs,taboo,18,6,12_18
12,7,9,9,1,1,5,5,9,muscle,neut,23,6,12_23
12,8,6,8,5,9,5,8,9,cum,taboo,24,6,12_24
12,9,4,6,1,1,8,3,9,agriculture,neut,29,6,12_29
12,10,2,5,3,8,1,9,6,syphilis,taboo,30,6,12_30
12,11,7,9,1,1,8,8,1,dynamic,neut,35,6,12_35
12,12,9,9,5,9,2,7,6,bitches,taboo,36,6,12_36
12,13,3,9,1,1,7,1,4,colleague,neut,41,6,12_41
12,14,4,7,6,9,4,7,9,tits,taboo,42,6,12_42
12,15,1,5,1,1,6,1,9,acrobat,neut,47,6,12_47
12,16,3,6,7,9,1,9,6,cocksucker,taboo,48,6,12_48
12,17,1,7,1,1,5,1,9,scalp,neut,3,6,12_3
12,18,6,8,3,8,2,2,4,fart,taboo,4,6,12_4
12,19,8,9,1,1,9,9,5,welcome,neut,9,6,12_9
12,20,3,8,3,9,5,6,9,balls,taboo,10,6,12_10
12,21,9,9,1,1,5,1,9,arm,neut,15,6,12_15
12,22,5,7,4,9,3,9,9,dick,taboo,16,6,12_16
12,23,8,9,1,5,7,1,4,Dude,neut,21,6,12_21
12,24,6,7,3,8,1,5,9,diarrhea,taboo,22,6,12_22
12,25,6,9,1,1,3,2,9,boss,neut,27,6,12_27
12,26,9,9,1,9,5,6,9,tampon,taboo,28,6,12_28
12,27,4,5,1,1,5,1,9,coffee pots,neut,33,6,12_33
12,28,6,6,4,9,6,9,9,blowjobs,taboo,34,6,12_34
12,29,1,5,1,1,4,2,9,circus,neut,39,6,12_39
12,30,4,4,2,9,6,8,9,lubricant,taboo,40,6,12_40
12,31,5,7,1,1,5,2,8,calf,neut,45,6,12_45
12,32,5,9,5,9,5,7,9,sperm,taboo,46,6,12_46
18,1,5,7,1,1,5,1,9,doors,neut,5,6,18_5
18,2,5,7,2,1,1,1,7,rape,taboo,6,6,18_6
18,3,7,9,1,1,4,5,9,alcohol,neut,11,6,18_11
18,4,3,5,1,7,3,1,9,butthole,taboo,12,6,18_12
18,5,6,9,1,1,5,1,9,face,neut,17,6,18_17
18,6,7,9,1,6,4,2,9,boobs,taboo,18,6,18_18
18,7,7,8,1,1,6,7,9,muscle,neut,23,6,18_23
18,8,4,7,1,7,3,1,8,cum,taboo,24,6,18_24
18,9,2,4,1,1,5,1,9,agriculture,neut,29,6,18_29
18,10,2,2,1,1,3,1,1,syphilis,taboo,30,6,18_30
18,11,5,6,1,1,8,7,2,dynamic,neut,35,6,18_35
18,12,7,9,2,8,2,2,2,bitches,taboo,36,6,18_36
18,13,5,6,1,1,6,4,9,colleague,neut,41,6,18_41
18,14,6,7,1,7,4,1,9,tits,taboo,42,6,18_42
18,15,3,4,1,1,7,6,8,acrobat,neut,47,6,18_47
18,16,1,2,7,9,1,1,2,cocksucker,taboo,48,6,18_48
18,17,3,6,1,1,5,1,9,scalp,neut,3,6,18_3
18,18,4,6,1,6,4,1,2,fart,taboo,4,6,18_4
18,19,9,8,1,1,8,4,4,welcome,neut,9,6,18_9
18,20,3,7,1,5,4,1,9,balls,taboo,10,6,18_10
18,21,6,7,1,1,5,1,9,arm,neut,15,6,18_15
18,22,7,9,1,7,3,1,9,dick,taboo,16,6,18_16
18,23,9,9,1,1,4,2,6,Dude,neut,21,6,18_21
18,24,5,7,1,6,4,1,7,diarrhea,taboo,22,6,18_22
18,25,6,7,1,1,4,3,8,boss,neut,27,6,18_27
18,26,6,7,1,5,4,1,9,tampon,taboo,28,6,18_28
18,27,6,5,1,1,5,1,9,coffee pots,neut,33,6,18_33
18,28,4,9,1,9,3,4,9,blowjobs,taboo,34,6,18_34
18,29,4,4,1,1,7,4,9,circus,neut,39,6,18_39
18,30,3,3,1,7,4,1,9,lubricant,taboo,40,6,18_40
18,31,5,4,1,1,5,1,9,calf,neut,45,6,18_45
18,32,2,4,1,7,3,1,5,sperm,taboo,46,6,18_46
24,1,7,9,1,1,7,5,9,doors,neut,5,6,24_5
24,2,1,2,6,9,1,9,3,rape,taboo,6,6,24_6
24,3,5,8,1,1,8,8,9,alcohol,neut,11,6,24_11
24,4,2,2,2,5,5,6,5,butthole,taboo,12,6,24_12
24,5,8,8,1,1,5,5,9,face,neut,17,6,24_17
24,6,7,7,1,2,5,6,4,boobs,taboo,18,6,24_18
24,7,2,7,1,1,5,5,6,muscle,neut,23,6,24_23
24,8,2,5,3,5,5,6,4,cum,taboo,24,6,24_24
24,9,2,2,1,1,7,5,3,agriculture,neut,29,6,24_29
24,10,2,2,1,5,5,7,2,syphilis,taboo,30,6,24_30
24,11,2,2,1,1,5,5,2,dynamic,neut,35,6,24_35
24,12,5,8,2,3,5,7,9,bitches,taboo,36,6,24_36
24,13,2,2,1,1,9,5,2,colleague,neut,41,6,24_41
24,14,5,5,1,2,5,6,9,tits,taboo,42,6,24_42
24,15,2,2,1,1,5,5,9,acrobat,neut,47,6,24_47
24,16,2,2,6,7,5,6,6,cocksucker,taboo,48,6,24_48
24,17,2,8,1,1,5,5,8,scalp,neut,3,6,24_3
24,18,2,3,1,1,5,5,4,fart,taboo,4,6,24_4
24,19,8,9,1,1,8,7,5,welcome,neut,9,6,24_9
24,20,2,5,2,5,5,6,4,balls,taboo,10,6,24_10
24,21,8,8,1,1,5,5,9,arm,neut,15,6,24_15
24,22,2,5,2,4,5,7,4,dick,taboo,16,6,24_16
24,23,8,8,1,1,9,5,5,Dude,neut,21,6,24_21
24,24,5,2,1,2,5,6,4,diarrhea,taboo,22,6,24_22
24,25,7,9,1,1,7,5,3,boss,neut,27,6,24_27
24,26,7,5,1,2,5,6,6,tampon,taboo,28,6,24_28
24,27,7,8,1,1,5,5,8,coffee pots,neut,33,6,24_33
24,28,5,5,1,5,5,7,6,blowjobs,taboo,34,6,24_34
24,29,2,2,1,1,7,5,8,circus,neut,39,6,24_39
24,30,6,3,1,5,6,5,8,lubricant,taboo,40,6,24_40
24,31,8,3,1,1,9,5,6,calf,neut,45,6,24_45
24,32,5,3,2,4,5,7,4,sperm,taboo,46,6,24_46
30,1,5,9,1,1,9,1,9,doors,neut,5,6,30_5
30,2,5,5,1,8,1,1,9,rape,taboo,6,6,30_6
30,3,5,7,1,7,4,1,9,alcohol,neut,11,6,30_11
30,4,5,7,1,9,1,1,9,butthole,taboo,12,6,30_12
30,5,5,9,1,1,9,1,9,face,neut,17,6,30_17
30,6,5,9,1,9,1,1,9,boobs,taboo,18,6,30_18
30,7,5,9,1,1,9,1,9,muscle,neut,23,6,30_23
30,8,5,7,1,9,1,1,9,cum,taboo,24,6,30_24
30,9,5,5,1,1,9,1,9,agriculture,neut,29,6,30_29
30,10,5,1,1,1,9,1,1,syphilis,taboo,30,6,30_30
30,11,4,3,1,5,9,1,9,dynamic,neut,35,6,30_35
30,12,5,9,1,9,1,1,9,bitches,taboo,36,6,30_36
30,13,5,3,1,1,9,1,9,colleague,neut,41,6,30_41
30,14,5,7,1,9,1,1,9,tits,taboo,42,6,30_42
30,15,2,1,1,1,9,1,9,acrobat,neut,47,6,30_47
30,16,1,1,1,9,1,1,9,cocksucker,taboo,48,6,30_48
30,17,5,3,1,5,9,1,9,scalp,neut,3,6,30_3
30,18,5,8,1,9,1,1,9,fart,taboo,4,6,30_4
30,19,5,9,1,1,9,1,9,welcome,neut,9,6,30_9
30,20,5,5,1,9,1,1,9,balls,taboo,10,6,30_10
30,21,5,8,1,1,9,1,9,arm,neut,15,6,30_15
30,22,5,6,1,9,1,1,9,dick,taboo,16,6,30_16
30,23,5,9,1,9,9,1,9,Dude,neut,21,6,30_21
30,24,5,8,1,9,5,1,9,diarrhea,taboo,22,6,30_22
30,25,5,8,1,1,9,1,9,boss,neut,27,6,30_27
30,26,3,4,1,2,5,1,9,tampon,taboo,28,6,30_28
30,27,5,2,1,1,9,1,9,coffee pots,neut,33,6,30_33
30,28,5,5,1,9,1,1,9,blowjobs,taboo,34,6,30_34
30,29,5,5,1,1,1,1,9,circus,neut,39,6,30_39
30,30,2,4,1,9,1,1,9,lubricant,taboo,40,6,30_40
30,31,5,5,1,1,9,1,9,calf,neut,45,6,30_45
30,32,3,4,1,9,1,1,9,sperm,taboo,46,6,30_46
